cell_id	cell_type
cell_0	0
cell_1	0
cell_2	0
cell_3	0
cell_4	0
cell_5	0
cell_6	0
cell_7	0
cell_8	0
cell_9	0
cell_10	0
cell_11	0
cell_12	0
cell_13	0
cell_14	0
cell_15	0
cell_16	0
cell_17	0
cell_18	0
cell_19	0
cell_20	0
cell_21	0
cell_22	0
cell_23	0
cell_24	0
cell_25	0
cell_26	0
cell_27	0
cell_28	0
cell_29	0
cell_30	0
cell_31	0
cell_32	0
cell_33	0
cell_34	0
cell_35	0
cell_36	0
cell_37	0
cell_38	0
cell_39	0
cell_40	0
cell_41	0
cell_42	0
cell_43	0
cell_44	0
cell_45	0
cell_46	0
cell_47	0
cell_48	0
cell_49	0
cell_50	0
cell_51	0
cell_52	0
cell_53	0
cell_54	0
cell_55	0
cell_56	0
cell_57	0
cell_58	0
cell_59	0
cell_60	0
cell_61	0
cell_62	0
cell_63	0
cell_64	0
cell_65	0
cell_66	0
cell_67	0
cell_68	0
cell_69	0
cell_70	0
cell_71	0
cell_72	0
cell_73	0
cell_74	0
cell_75	0
cell_76	0
cell_77	0
cell_78	0
cell_79	0
cell_80	0
cell_81	0
cell_82	0
cell_83	0
cell_84	0
cell_85	0
cell_86	0
cell_87	0
cell_88	0
cell_89	0
cell_90	0
cell_91	0
cell_92	0
cell_93	0
cell_94	0
cell_95	0
cell_96	0
cell_97	0
cell_98	0
cell_99	0
cell_100	0
cell_101	0
cell_102	0
cell_103	0
cell_104	0
cell_105	0
cell_106	0
cell_107	0
cell_108	0
cell_109	0
cell_110	0
cell_111	0
cell_112	0
cell_113	0
cell_114	0
cell_115	0
cell_116	0
cell_117	0
cell_118	0
cell_119	0
cell_120	0
cell_121	0
cell_122	0
cell_123	0
cell_124	0
cell_125	0
cell_126	0
cell_127	0
cell_128	0
cell_129	0
cell_130	0
cell_131	0
cell_132	0
cell_133	0
cell_134	0
cell_135	0
cell_136	0
cell_137	0
cell_138	0
cell_139	0
cell_140	0
cell_141	0
cell_142	0
cell_143	0
cell_144	0
cell_145	0
cell_146	0
cell_147	0
cell_148	0
cell_149	0
cell_150	0
cell_151	0
cell_152	0
cell_153	0
cell_154	0
cell_155	0
cell_156	0
cell_157	0
cell_158	0
cell_159	0
cell_160	0
cell_161	0
cell_162	0
cell_163	0
cell_164	0
cell_165	0
cell_166	0
cell_167	0
cell_168	0
cell_169	0
cell_170	0
cell_171	0
cell_172	0
cell_173	0
cell_174	0
cell_175	0
cell_176	0
cell_177	0
cell_178	0
cell_179	0
cell_180	0
cell_181	0
cell_182	0
cell_183	0
cell_184	0
cell_185	0
cell_186	0
cell_187	0
cell_188	0
cell_189	0
cell_190	0
cell_191	0
cell_192	0
cell_193	0
cell_194	0
cell_195	0
cell_196	0
cell_197	0
cell_198	0
cell_199	0
cell_200	0
cell_201	0
cell_202	0
cell_203	0
cell_204	0
cell_205	0
cell_206	0
cell_207	0
cell_208	0
cell_209	0
cell_210	0
cell_211	0
cell_212	0
cell_213	0
cell_214	0
cell_215	0
cell_216	0
cell_217	0
cell_218	0
cell_219	0
cell_220	0
cell_221	0
cell_222	0
cell_223	0
cell_224	0
cell_225	0
cell_226	0
cell_227	0
cell_228	0
cell_229	0
cell_230	0
cell_231	0
cell_232	0
cell_233	0
cell_234	0
cell_235	0
cell_236	0
cell_237	0
cell_238	0
cell_239	0
cell_240	0
cell_241	0
cell_242	0
cell_243	0
cell_244	0
cell_245	0
cell_246	0
cell_247	0
cell_248	0
cell_249	0
cell_250	0
cell_251	0
cell_252	0
cell_253	0
cell_254	0
cell_255	0
cell_256	0
cell_257	0
cell_258	0
cell_259	0
cell_260	0
cell_261	0
cell_262	0
cell_263	0
cell_264	0
cell_265	0
cell_266	0
cell_267	0
cell_268	0
cell_269	0
cell_270	0
cell_271	0
cell_272	0
cell_273	0
cell_274	0
cell_275	0
cell_276	0
cell_277	0
cell_278	0
cell_279	0
cell_280	0
cell_281	0
cell_282	0
cell_283	0
cell_284	0
cell_285	0
cell_286	0
cell_287	0
cell_288	0
cell_289	0
cell_290	0
cell_291	0
cell_292	0
cell_293	0
cell_294	0
cell_295	0
cell_296	0
cell_297	0
cell_298	0
cell_299	0
cell_300	0
cell_301	0
cell_302	0
cell_303	0
cell_304	0
cell_305	0
cell_306	0
cell_307	0
cell_308	0
cell_309	0
cell_310	0
cell_311	0
cell_312	0
cell_313	0
cell_314	0
cell_315	0
cell_316	0
cell_317	0
cell_318	0
cell_319	0
cell_320	0
cell_321	0
cell_322	0
cell_323	0
cell_324	0
cell_325	0
cell_326	0
cell_327	0
cell_328	0
cell_329	0
cell_330	0
cell_331	0
cell_332	0
cell_333	0
cell_334	0
cell_335	0
cell_336	0
cell_337	0
cell_338	0
cell_339	0
cell_340	0
cell_341	0
cell_342	0
cell_343	0
cell_344	0
cell_345	0
cell_346	0
cell_347	0
cell_348	0
cell_349	0
cell_350	0
cell_351	0
cell_352	0
cell_353	0
cell_354	0
cell_355	0
cell_356	0
cell_357	0
cell_358	0
cell_359	0
cell_360	0
cell_361	0
cell_362	0
cell_363	0
cell_364	0
cell_365	0
cell_366	0
cell_367	0
cell_368	0
cell_369	0
cell_370	0
cell_371	0
cell_372	0
cell_373	0
cell_374	0
cell_375	0
cell_376	0
cell_377	0
cell_378	0
cell_379	0
cell_380	0
cell_381	0
cell_382	0
cell_383	0
cell_384	0
cell_385	0
cell_386	0
cell_387	0
cell_388	0
cell_389	0
cell_390	0
cell_391	0
cell_392	0
cell_393	0
cell_394	0
cell_395	0
cell_396	0
cell_397	0
cell_398	0
cell_399	0
cell_400	0
cell_401	0
cell_402	0
cell_403	0
cell_404	0
cell_405	0
cell_406	0
cell_407	0
cell_408	0
cell_409	0
cell_410	0
cell_411	0
cell_412	0
cell_413	0
cell_414	0
cell_415	0
cell_416	0
cell_417	0
cell_418	0
cell_419	0
cell_420	0
cell_421	0
cell_422	0
cell_423	0
cell_424	0
cell_425	0
cell_426	0
cell_427	0
cell_428	0
cell_429	0
cell_430	0
cell_431	0
cell_432	0
cell_433	0
cell_434	0
cell_435	0
cell_436	0
cell_437	0
cell_438	0
cell_439	0
cell_440	0
cell_441	0
cell_442	0
cell_443	0
cell_444	0
cell_445	0
cell_446	0
cell_447	0
cell_448	0
cell_449	0
cell_450	0
cell_451	0
cell_452	0
cell_453	0
cell_454	0
cell_455	0
cell_456	0
cell_457	0
cell_458	0
cell_459	0
cell_460	0
cell_461	0
cell_462	0
cell_463	0
cell_464	0
cell_465	0
cell_466	0
cell_467	0
cell_468	0
cell_469	0
cell_470	0
cell_471	0
cell_472	0
cell_473	0
cell_474	0
cell_475	0
cell_476	0
cell_477	0
cell_478	0
cell_479	0
cell_480	0
cell_481	0
cell_482	0
cell_483	0
cell_484	0
cell_485	0
cell_486	0
cell_487	0
cell_488	0
cell_489	0
cell_490	0
cell_491	0
cell_492	0
cell_493	0
cell_494	0
cell_495	0
cell_496	0
cell_497	0
cell_498	0
cell_499	0
cell_500	0
cell_501	0
cell_502	0
cell_503	0
cell_504	0
cell_505	0
cell_506	0
cell_507	0
cell_508	0
cell_509	0
cell_510	0
cell_511	0
cell_512	0
cell_513	0
cell_514	0
cell_515	0
cell_516	0
cell_517	0
cell_518	0
cell_519	0
cell_520	0
cell_521	0
cell_522	0
cell_523	0
cell_524	0
cell_525	0
cell_526	0
cell_527	0
cell_528	0
cell_529	0
cell_530	0
cell_531	0
cell_532	0
cell_533	0
cell_534	0
cell_535	0
cell_536	0
cell_537	0
cell_538	0
cell_539	0
cell_540	0
cell_541	0
cell_542	0
cell_543	0
cell_544	0
cell_545	0
cell_546	0
cell_547	0
cell_548	0
cell_549	0
cell_550	0
cell_551	0
cell_552	0
cell_553	0
cell_554	0
cell_555	0
cell_556	0
cell_557	0
cell_558	0
cell_559	0
cell_560	0
cell_561	0
cell_562	0
cell_563	0
cell_564	0
cell_565	0
cell_566	0
cell_567	0
cell_568	0
cell_569	0
cell_570	0
cell_571	0
cell_572	0
cell_573	0
cell_574	0
cell_575	0
cell_576	0
cell_577	0
cell_578	0
cell_579	0
cell_580	0
cell_581	0
cell_582	0
cell_583	0
cell_584	0
cell_585	0
cell_586	0
cell_587	0
cell_588	0
cell_589	0
cell_590	0
cell_591	0
cell_592	0
cell_593	0
cell_594	0
cell_595	0
cell_596	0
cell_597	0
cell_598	0
cell_599	0
cell_600	0
cell_601	0
cell_602	0
cell_603	0
cell_604	0
cell_605	0
cell_606	0
cell_607	0
cell_608	0
cell_609	0
cell_610	0
cell_611	0
cell_612	0
cell_613	0
cell_614	0
cell_615	0
cell_616	0
cell_617	0
cell_618	0
cell_619	0
cell_620	0
cell_621	0
cell_622	0
cell_623	0
cell_624	0
cell_625	0
cell_626	0
cell_627	0
cell_628	0
cell_629	0
cell_630	0
cell_631	0
cell_632	0
cell_633	0
cell_634	0
cell_635	0
cell_636	0
cell_637	0
cell_638	0
cell_639	0
cell_640	0
cell_641	0
cell_642	0
cell_643	0
cell_644	0
cell_645	0
cell_646	0
cell_647	0
cell_648	0
cell_649	0
cell_650	0
cell_651	0
cell_652	0
cell_653	0
cell_654	0
cell_655	0
cell_656	0
cell_657	0
cell_658	0
cell_659	0
cell_660	0
cell_661	0
cell_662	0
cell_663	0
cell_664	0
cell_665	0
cell_666	0
cell_667	0
cell_668	0
cell_669	0
cell_670	0
cell_671	0
cell_672	0
cell_673	0
cell_674	0
cell_675	0
cell_676	0
cell_677	0
cell_678	0
cell_679	0
cell_680	0
cell_681	0
cell_682	0
cell_683	0
cell_684	0
cell_685	0
cell_686	0
cell_687	0
cell_688	0
cell_689	0
cell_690	0
cell_691	0
cell_692	0
cell_693	0
cell_694	0
cell_695	0
cell_696	0
cell_697	0
cell_698	0
cell_699	0
cell_700	0
cell_701	0
cell_702	0
cell_703	0
cell_704	0
cell_705	0
cell_706	0
cell_707	0
cell_708	0
cell_709	0
cell_710	0
cell_711	0
cell_712	0
cell_713	0
cell_714	0
cell_715	0
cell_716	0
cell_717	0
cell_718	0
cell_719	0
cell_720	0
cell_721	0
cell_722	0
cell_723	0
cell_724	0
cell_725	0
cell_726	0
cell_727	0
cell_728	0
cell_729	0
cell_730	0
cell_731	0
cell_732	0
cell_733	0
cell_734	0
cell_735	0
cell_736	0
cell_737	0
cell_738	0
cell_739	0
cell_740	0
cell_741	0
cell_742	0
cell_743	0
cell_744	0
cell_745	0
cell_746	0
cell_747	0
cell_748	0
cell_749	0
cell_750	0
cell_751	0
cell_752	0
cell_753	0
cell_754	0
cell_755	0
cell_756	0
cell_757	0
cell_758	0
cell_759	0
cell_760	0
cell_761	0
cell_762	0
cell_763	0
cell_764	0
cell_765	0
cell_766	0
cell_767	0
cell_768	0
cell_769	0
cell_770	0
cell_771	0
cell_772	0
cell_773	0
cell_774	0
cell_775	0
cell_776	0
cell_777	0
cell_778	0
cell_779	0
cell_780	0
cell_781	0
cell_782	0
cell_783	0
cell_784	0
cell_785	0
cell_786	0
cell_787	0
cell_788	0
cell_789	0
cell_790	0
cell_791	0
cell_792	0
cell_793	0
cell_794	0
cell_795	0
cell_796	0
cell_797	0
cell_798	0
cell_799	0
cell_800	0
cell_801	0
cell_802	0
cell_803	0
cell_804	0
cell_805	0
cell_806	0
cell_807	0
cell_808	0
cell_809	0
cell_810	0
cell_811	0
cell_812	0
cell_813	0
cell_814	0
cell_815	0
cell_816	0
cell_817	0
cell_818	0
cell_819	0
cell_820	0
cell_821	0
cell_822	0
cell_823	0
cell_824	0
cell_825	0
cell_826	0
cell_827	0
cell_828	0
cell_829	0
cell_830	0
cell_831	0
cell_832	0
cell_833	0
cell_834	0
cell_835	0
cell_836	0
cell_837	0
cell_838	0
cell_839	0
cell_840	0
cell_841	0
cell_842	0
cell_843	0
cell_844	0
cell_845	0
cell_846	0
cell_847	0
cell_848	0
cell_849	0
cell_850	0
cell_851	0
cell_852	0
cell_853	0
cell_854	0
cell_855	0
cell_856	0
cell_857	0
cell_858	0
cell_859	0
cell_860	0
cell_861	0
cell_862	0
cell_863	0
cell_864	0
cell_865	0
cell_866	0
cell_867	0
cell_868	0
cell_869	0
cell_870	0
cell_871	0
cell_872	0
cell_873	0
cell_874	0
cell_875	0
cell_876	0
cell_877	0
cell_878	0
cell_879	0
cell_880	0
cell_881	0
cell_882	0
cell_883	0
cell_884	0
cell_885	0
cell_886	0
cell_887	0
cell_888	0
cell_889	0
cell_890	0
cell_891	0
cell_892	0
cell_893	0
cell_894	0
cell_895	0
cell_896	0
cell_897	0
cell_898	0
cell_899	0
cell_900	0
cell_901	0
cell_902	0
cell_903	0
cell_904	0
cell_905	0
cell_906	0
cell_907	0
cell_908	0
cell_909	0
cell_910	0
cell_911	0
cell_912	0
cell_913	0
cell_914	0
cell_915	0
cell_916	0
cell_917	0
cell_918	0
cell_919	0
cell_920	0
cell_921	0
cell_922	0
cell_923	0
cell_924	0
cell_925	0
cell_926	0
cell_927	0
cell_928	0
cell_929	0
cell_930	0
cell_931	0
cell_932	0
cell_933	0
cell_934	0
cell_935	0
cell_936	0
cell_937	0
cell_938	0
cell_939	0
cell_940	0
cell_941	0
cell_942	0
cell_943	0
cell_944	0
cell_945	0
cell_946	0
cell_947	0
cell_948	0
cell_949	0
cell_950	0
cell_951	0
cell_952	0
cell_953	0
cell_954	0
cell_955	0
cell_956	0
cell_957	0
cell_958	0
cell_959	0
cell_960	0
cell_961	0
cell_962	0
cell_963	0
cell_964	0
cell_965	0
cell_966	0
cell_967	0
cell_968	0
cell_969	0
cell_970	0
cell_971	0
cell_972	0
cell_973	0
cell_974	0
cell_975	0
cell_976	0
cell_977	0
cell_978	0
cell_979	0
cell_980	0
cell_981	0
cell_982	0
cell_983	0
cell_984	0
cell_985	0
cell_986	0
cell_987	0
cell_988	0
cell_989	0
cell_990	0
cell_991	0
cell_992	0
cell_993	0
cell_994	0
cell_995	0
cell_996	0
cell_997	0
cell_998	0
cell_999	0
cell_1000	1
cell_1001	1
cell_1002	1
cell_1003	1
cell_1004	1
cell_1005	1
cell_1006	1
cell_1007	1
cell_1008	1
cell_1009	1
cell_1010	1
cell_1011	1
cell_1012	1
cell_1013	1
cell_1014	1
cell_1015	1
cell_1016	1
cell_1017	1
cell_1018	1
cell_1019	1
cell_1020	1
cell_1021	1
cell_1022	1
cell_1023	1
cell_1024	1
cell_1025	1
cell_1026	1
cell_1027	1
cell_1028	1
cell_1029	1
cell_1030	1
cell_1031	1
cell_1032	1
cell_1033	1
cell_1034	1
cell_1035	1
cell_1036	1
cell_1037	1
cell_1038	1
cell_1039	1
cell_1040	1
cell_1041	1
cell_1042	1
cell_1043	1
cell_1044	1
cell_1045	1
cell_1046	1
cell_1047	1
cell_1048	1
cell_1049	1
cell_1050	1
cell_1051	1
cell_1052	1
cell_1053	1
cell_1054	1
cell_1055	1
cell_1056	1
cell_1057	1
cell_1058	1
cell_1059	1
cell_1060	1
cell_1061	1
cell_1062	1
cell_1063	1
cell_1064	1
cell_1065	1
cell_1066	1
cell_1067	1
cell_1068	1
cell_1069	1
cell_1070	1
cell_1071	1
cell_1072	1
cell_1073	1
cell_1074	1
cell_1075	1
cell_1076	1
cell_1077	1
cell_1078	1
cell_1079	1
cell_1080	1
cell_1081	1
cell_1082	1
cell_1083	1
cell_1084	1
cell_1085	1
cell_1086	1
cell_1087	1
cell_1088	1
cell_1089	1
cell_1090	1
cell_1091	1
cell_1092	1
cell_1093	1
cell_1094	1
cell_1095	1
cell_1096	1
cell_1097	1
cell_1098	1
cell_1099	1
cell_1100	1
cell_1101	1
cell_1102	1
cell_1103	1
cell_1104	1
cell_1105	1
cell_1106	1
cell_1107	1
cell_1108	1
cell_1109	1
cell_1110	1
cell_1111	1
cell_1112	1
cell_1113	1
cell_1114	1
cell_1115	1
cell_1116	1
cell_1117	1
cell_1118	1
cell_1119	1
cell_1120	1
cell_1121	1
cell_1122	1
cell_1123	1
cell_1124	1
cell_1125	1
cell_1126	1
cell_1127	1
cell_1128	1
cell_1129	1
cell_1130	1
cell_1131	1
cell_1132	1
cell_1133	1
cell_1134	1
cell_1135	1
cell_1136	1
cell_1137	1
cell_1138	1
cell_1139	1
cell_1140	1
cell_1141	1
cell_1142	1
cell_1143	1
cell_1144	1
cell_1145	1
cell_1146	1
cell_1147	1
cell_1148	1
cell_1149	1
cell_1150	1
cell_1151	1
cell_1152	1
cell_1153	1
cell_1154	1
cell_1155	1
cell_1156	1
cell_1157	1
cell_1158	1
cell_1159	1
cell_1160	1
cell_1161	1
cell_1162	1
cell_1163	1
cell_1164	1
cell_1165	1
cell_1166	1
cell_1167	1
cell_1168	1
cell_1169	1
cell_1170	1
cell_1171	1
cell_1172	1
cell_1173	1
cell_1174	1
cell_1175	1
cell_1176	1
cell_1177	1
cell_1178	1
cell_1179	1
cell_1180	1
cell_1181	1
cell_1182	1
cell_1183	1
cell_1184	1
cell_1185	1
cell_1186	1
cell_1187	1
cell_1188	1
cell_1189	1
cell_1190	1
cell_1191	1
cell_1192	1
cell_1193	1
cell_1194	1
cell_1195	1
cell_1196	1
cell_1197	1
cell_1198	1
cell_1199	1
cell_1200	1
cell_1201	1
cell_1202	1
cell_1203	1
cell_1204	1
cell_1205	1
cell_1206	1
cell_1207	1
cell_1208	1
cell_1209	1
cell_1210	1
cell_1211	1
cell_1212	1
cell_1213	1
cell_1214	1
cell_1215	1
cell_1216	1
cell_1217	1
cell_1218	1
cell_1219	1
cell_1220	1
cell_1221	1
cell_1222	1
cell_1223	1
cell_1224	1
cell_1225	1
cell_1226	1
cell_1227	1
cell_1228	1
cell_1229	1
cell_1230	1
cell_1231	1
cell_1232	1
cell_1233	1
cell_1234	1
cell_1235	1
cell_1236	1
cell_1237	1
cell_1238	1
cell_1239	1
cell_1240	1
cell_1241	1
cell_1242	1
cell_1243	1
cell_1244	1
cell_1245	1
cell_1246	1
cell_1247	1
cell_1248	1
cell_1249	1
cell_1250	1
cell_1251	1
cell_1252	1
cell_1253	1
cell_1254	1
cell_1255	1
cell_1256	1
cell_1257	1
cell_1258	1
cell_1259	1
cell_1260	1
cell_1261	1
cell_1262	1
cell_1263	1
cell_1264	1
cell_1265	1
cell_1266	1
cell_1267	1
cell_1268	1
cell_1269	1
cell_1270	1
cell_1271	1
cell_1272	1
cell_1273	1
cell_1274	1
cell_1275	1
cell_1276	1
cell_1277	1
cell_1278	1
cell_1279	1
cell_1280	1
cell_1281	1
cell_1282	1
cell_1283	1
cell_1284	1
cell_1285	1
cell_1286	1
cell_1287	1
cell_1288	1
cell_1289	1
cell_1290	1
cell_1291	1
cell_1292	1
cell_1293	1
cell_1294	1
cell_1295	1
cell_1296	1
cell_1297	1
cell_1298	1
cell_1299	1
cell_1300	1
cell_1301	1
cell_1302	1
cell_1303	1
cell_1304	1
cell_1305	1
cell_1306	1
cell_1307	1
cell_1308	1
cell_1309	1
cell_1310	1
cell_1311	1
cell_1312	1
cell_1313	1
cell_1314	1
cell_1315	1
cell_1316	1
cell_1317	1
cell_1318	1
cell_1319	1
cell_1320	1
cell_1321	1
cell_1322	1
cell_1323	1
cell_1324	1
cell_1325	1
cell_1326	1
cell_1327	1
cell_1328	1
cell_1329	1
cell_1330	1
cell_1331	1
cell_1332	1
cell_1333	1
cell_1334	1
cell_1335	1
cell_1336	1
cell_1337	1
cell_1338	1
cell_1339	1
cell_1340	1
cell_1341	1
cell_1342	1
cell_1343	1
cell_1344	1
cell_1345	1
cell_1346	1
cell_1347	1
cell_1348	1
cell_1349	1
cell_1350	1
cell_1351	1
cell_1352	1
cell_1353	1
cell_1354	1
cell_1355	1
cell_1356	1
cell_1357	1
cell_1358	1
cell_1359	1
cell_1360	1
cell_1361	1
cell_1362	1
cell_1363	1
cell_1364	1
cell_1365	1
cell_1366	1
cell_1367	1
cell_1368	1
cell_1369	1
cell_1370	1
cell_1371	1
cell_1372	1
cell_1373	1
cell_1374	1
cell_1375	1
cell_1376	1
cell_1377	1
cell_1378	1
cell_1379	1
cell_1380	1
cell_1381	1
cell_1382	1
cell_1383	1
cell_1384	1
cell_1385	1
cell_1386	1
cell_1387	1
cell_1388	1
cell_1389	1
cell_1390	1
cell_1391	1
cell_1392	1
cell_1393	1
cell_1394	1
cell_1395	1
cell_1396	1
cell_1397	1
cell_1398	1
cell_1399	1
cell_1400	1
cell_1401	1
cell_1402	1
cell_1403	1
cell_1404	1
cell_1405	1
cell_1406	1
cell_1407	1
cell_1408	1
cell_1409	1
cell_1410	1
cell_1411	1
cell_1412	1
cell_1413	1
cell_1414	1
cell_1415	1
cell_1416	1
cell_1417	1
cell_1418	1
cell_1419	1
cell_1420	1
cell_1421	1
cell_1422	1
cell_1423	1
cell_1424	1
cell_1425	1
cell_1426	1
cell_1427	1
cell_1428	1
cell_1429	1
cell_1430	1
cell_1431	1
cell_1432	1
cell_1433	1
cell_1434	1
cell_1435	1
cell_1436	1
cell_1437	1
cell_1438	1
cell_1439	1
cell_1440	1
cell_1441	1
cell_1442	1
cell_1443	1
cell_1444	1
cell_1445	1
cell_1446	1
cell_1447	1
cell_1448	1
cell_1449	1
cell_1450	1
cell_1451	1
cell_1452	1
cell_1453	1
cell_1454	1
cell_1455	1
cell_1456	1
cell_1457	1
cell_1458	1
cell_1459	1
cell_1460	1
cell_1461	1
cell_1462	1
cell_1463	1
cell_1464	1
cell_1465	1
cell_1466	1
cell_1467	1
cell_1468	1
cell_1469	1
cell_1470	1
cell_1471	1
cell_1472	1
cell_1473	1
cell_1474	1
cell_1475	1
cell_1476	1
cell_1477	1
cell_1478	1
cell_1479	1
cell_1480	1
cell_1481	1
cell_1482	1
cell_1483	1
cell_1484	1
cell_1485	1
cell_1486	1
cell_1487	1
cell_1488	1
cell_1489	1
cell_1490	1
cell_1491	1
cell_1492	1
cell_1493	1
cell_1494	1
cell_1495	1
cell_1496	1
cell_1497	1
cell_1498	1
cell_1499	1
cell_1500	1
cell_1501	1
cell_1502	1
cell_1503	1
cell_1504	1
cell_1505	1
cell_1506	1
cell_1507	1
cell_1508	1
cell_1509	1
cell_1510	1
cell_1511	1
cell_1512	1
cell_1513	1
cell_1514	1
cell_1515	1
cell_1516	1
cell_1517	1
cell_1518	1
cell_1519	1
cell_1520	1
cell_1521	1
cell_1522	1
cell_1523	1
cell_1524	1
cell_1525	1
cell_1526	1
cell_1527	1
cell_1528	1
cell_1529	1
cell_1530	1
cell_1531	1
cell_1532	1
cell_1533	1
cell_1534	1
cell_1535	1
cell_1536	1
cell_1537	1
cell_1538	1
cell_1539	1
cell_1540	1
cell_1541	1
cell_1542	1
cell_1543	1
cell_1544	1
cell_1545	1
cell_1546	1
cell_1547	1
cell_1548	1
cell_1549	1
cell_1550	1
cell_1551	1
cell_1552	1
cell_1553	1
cell_1554	1
cell_1555	1
cell_1556	1
cell_1557	1
cell_1558	1
cell_1559	1
cell_1560	1
cell_1561	1
cell_1562	1
cell_1563	1
cell_1564	1
cell_1565	1
cell_1566	1
cell_1567	1
cell_1568	1
cell_1569	1
cell_1570	1
cell_1571	1
cell_1572	1
cell_1573	1
cell_1574	1
cell_1575	1
cell_1576	1
cell_1577	1
cell_1578	1
cell_1579	1
cell_1580	1
cell_1581	1
cell_1582	1
cell_1583	1
cell_1584	1
cell_1585	1
cell_1586	1
cell_1587	1
cell_1588	1
cell_1589	1
cell_1590	1
cell_1591	1
cell_1592	1
cell_1593	1
cell_1594	1
cell_1595	1
cell_1596	1
cell_1597	1
cell_1598	1
cell_1599	1
cell_1600	1
cell_1601	1
cell_1602	1
cell_1603	1
cell_1604	1
cell_1605	1
cell_1606	1
cell_1607	1
cell_1608	1
cell_1609	1
cell_1610	1
cell_1611	1
cell_1612	1
cell_1613	1
cell_1614	1
cell_1615	1
cell_1616	1
cell_1617	1
cell_1618	1
cell_1619	1
cell_1620	1
cell_1621	1
cell_1622	1
cell_1623	1
cell_1624	1
cell_1625	1
cell_1626	1
cell_1627	1
cell_1628	1
cell_1629	1
cell_1630	1
cell_1631	1
cell_1632	1
cell_1633	1
cell_1634	1
cell_1635	1
cell_1636	1
cell_1637	1
cell_1638	1
cell_1639	1
cell_1640	1
cell_1641	1
cell_1642	1
cell_1643	1
cell_1644	1
cell_1645	1
cell_1646	1
cell_1647	1
cell_1648	1
cell_1649	1
cell_1650	1
cell_1651	1
cell_1652	1
cell_1653	1
cell_1654	1
cell_1655	1
cell_1656	1
cell_1657	1
cell_1658	1
cell_1659	1
cell_1660	1
cell_1661	1
cell_1662	1
cell_1663	1
cell_1664	1
cell_1665	1
cell_1666	1
cell_1667	1
cell_1668	1
cell_1669	1
cell_1670	1
cell_1671	1
cell_1672	1
cell_1673	1
cell_1674	1
cell_1675	1
cell_1676	1
cell_1677	1
cell_1678	1
cell_1679	1
cell_1680	1
cell_1681	1
cell_1682	1
cell_1683	1
cell_1684	1
cell_1685	1
cell_1686	1
cell_1687	1
cell_1688	1
cell_1689	1
cell_1690	1
cell_1691	1
cell_1692	1
cell_1693	1
cell_1694	1
cell_1695	1
cell_1696	1
cell_1697	1
cell_1698	1
cell_1699	1
cell_1700	1
cell_1701	1
cell_1702	1
cell_1703	1
cell_1704	1
cell_1705	1
cell_1706	1
cell_1707	1
cell_1708	1
cell_1709	1
cell_1710	1
cell_1711	1
cell_1712	1
cell_1713	1
cell_1714	1
cell_1715	1
cell_1716	1
cell_1717	1
cell_1718	1
cell_1719	1
cell_1720	1
cell_1721	1
cell_1722	1
cell_1723	1
cell_1724	1
cell_1725	1
cell_1726	1
cell_1727	1
cell_1728	1
cell_1729	1
cell_1730	1
cell_1731	1
cell_1732	1
cell_1733	1
cell_1734	1
cell_1735	1
cell_1736	1
cell_1737	1
cell_1738	1
cell_1739	1
cell_1740	1
cell_1741	1
cell_1742	1
cell_1743	1
cell_1744	1
cell_1745	1
cell_1746	1
cell_1747	1
cell_1748	1
cell_1749	1
cell_1750	1
cell_1751	1
cell_1752	1
cell_1753	1
cell_1754	1
cell_1755	1
cell_1756	1
cell_1757	1
cell_1758	1
cell_1759	1
cell_1760	1
cell_1761	1
cell_1762	1
cell_1763	1
cell_1764	1
cell_1765	1
cell_1766	1
cell_1767	1
cell_1768	1
cell_1769	1
cell_1770	1
cell_1771	1
cell_1772	1
cell_1773	1
cell_1774	1
cell_1775	1
cell_1776	1
cell_1777	1
cell_1778	1
cell_1779	1
cell_1780	1
cell_1781	1
cell_1782	1
cell_1783	1
cell_1784	1
cell_1785	1
cell_1786	1
cell_1787	1
cell_1788	1
cell_1789	1
cell_1790	1
cell_1791	1
cell_1792	1
cell_1793	1
cell_1794	1
cell_1795	1
cell_1796	1
cell_1797	1
cell_1798	1
cell_1799	1
cell_1800	1
cell_1801	1
cell_1802	1
cell_1803	1
cell_1804	1
cell_1805	1
cell_1806	1
cell_1807	1
cell_1808	1
cell_1809	1
cell_1810	1
cell_1811	1
cell_1812	1
cell_1813	1
cell_1814	1
cell_1815	1
cell_1816	1
cell_1817	1
cell_1818	1
cell_1819	1
cell_1820	1
cell_1821	1
cell_1822	1
cell_1823	1
cell_1824	1
cell_1825	1
cell_1826	1
cell_1827	1
cell_1828	1
cell_1829	1
cell_1830	1
cell_1831	1
cell_1832	1
cell_1833	1
cell_1834	1
cell_1835	1
cell_1836	1
cell_1837	1
cell_1838	1
cell_1839	1
cell_1840	1
cell_1841	1
cell_1842	1
cell_1843	1
cell_1844	1
cell_1845	1
cell_1846	1
cell_1847	1
cell_1848	1
cell_1849	1
cell_1850	1
cell_1851	1
cell_1852	1
cell_1853	1
cell_1854	1
cell_1855	1
cell_1856	1
cell_1857	1
cell_1858	1
cell_1859	1
cell_1860	1
cell_1861	1
cell_1862	1
cell_1863	1
cell_1864	1
cell_1865	1
cell_1866	1
cell_1867	1
cell_1868	1
cell_1869	1
cell_1870	1
cell_1871	1
cell_1872	1
cell_1873	1
cell_1874	1
cell_1875	1
cell_1876	1
cell_1877	1
cell_1878	1
cell_1879	1
cell_1880	1
cell_1881	1
cell_1882	1
cell_1883	1
cell_1884	1
cell_1885	1
cell_1886	1
cell_1887	1
cell_1888	1
cell_1889	1
cell_1890	1
cell_1891	1
cell_1892	1
cell_1893	1
cell_1894	1
cell_1895	1
cell_1896	1
cell_1897	1
cell_1898	1
cell_1899	1
cell_1900	1
cell_1901	1
cell_1902	1
cell_1903	1
cell_1904	1
cell_1905	1
cell_1906	1
cell_1907	1
cell_1908	1
cell_1909	1
cell_1910	1
cell_1911	1
cell_1912	1
cell_1913	1
cell_1914	1
cell_1915	1
cell_1916	1
cell_1917	1
cell_1918	1
cell_1919	1
cell_1920	1
cell_1921	1
cell_1922	1
cell_1923	1
cell_1924	1
cell_1925	1
cell_1926	1
cell_1927	1
cell_1928	1
cell_1929	1
cell_1930	1
cell_1931	1
cell_1932	1
cell_1933	1
cell_1934	1
cell_1935	1
cell_1936	1
cell_1937	1
cell_1938	1
cell_1939	1
cell_1940	1
cell_1941	1
cell_1942	1
cell_1943	1
cell_1944	1
cell_1945	1
cell_1946	1
cell_1947	1
cell_1948	1
cell_1949	1
cell_1950	1
cell_1951	1
cell_1952	1
cell_1953	1
cell_1954	1
cell_1955	1
cell_1956	1
cell_1957	1
cell_1958	1
cell_1959	1
cell_1960	1
cell_1961	1
cell_1962	1
cell_1963	1
cell_1964	1
cell_1965	1
cell_1966	1
cell_1967	1
cell_1968	1
cell_1969	1
cell_1970	1
cell_1971	1
cell_1972	1
cell_1973	1
cell_1974	1
cell_1975	1
cell_1976	1
cell_1977	1
cell_1978	1
cell_1979	1
cell_1980	1
cell_1981	1
cell_1982	1
cell_1983	1
cell_1984	1
cell_1985	1
cell_1986	1
cell_1987	1
cell_1988	1
cell_1989	1
cell_1990	1
cell_1991	1
cell_1992	1
cell_1993	1
cell_1994	1
cell_1995	1
cell_1996	1
cell_1997	1
cell_1998	1
cell_1999	1
cell_2000	2
cell_2001	2
cell_2002	2
cell_2003	2
cell_2004	2
cell_2005	2
cell_2006	2
cell_2007	2
cell_2008	2
cell_2009	2
cell_2010	2
cell_2011	2
cell_2012	2
cell_2013	2
cell_2014	2
cell_2015	2
cell_2016	2
cell_2017	2
cell_2018	2
cell_2019	2
cell_2020	2
cell_2021	2
cell_2022	2
cell_2023	2
cell_2024	2
cell_2025	2
cell_2026	2
cell_2027	2
cell_2028	2
cell_2029	2
cell_2030	2
cell_2031	2
cell_2032	2
cell_2033	2
cell_2034	2
cell_2035	2
cell_2036	2
cell_2037	2
cell_2038	2
cell_2039	2
cell_2040	2
cell_2041	2
cell_2042	2
cell_2043	2
cell_2044	2
cell_2045	2
cell_2046	2
cell_2047	2
cell_2048	2
cell_2049	2
cell_2050	2
cell_2051	2
cell_2052	2
cell_2053	2
cell_2054	2
cell_2055	2
cell_2056	2
cell_2057	2
cell_2058	2
cell_2059	2
cell_2060	2
cell_2061	2
cell_2062	2
cell_2063	2
cell_2064	2
cell_2065	2
cell_2066	2
cell_2067	2
cell_2068	2
cell_2069	2
cell_2070	2
cell_2071	2
cell_2072	2
cell_2073	2
cell_2074	2
cell_2075	2
cell_2076	2
cell_2077	2
cell_2078	2
cell_2079	2
cell_2080	2
cell_2081	2
cell_2082	2
cell_2083	2
cell_2084	2
cell_2085	2
cell_2086	2
cell_2087	2
cell_2088	2
cell_2089	2
cell_2090	2
cell_2091	2
cell_2092	2
cell_2093	2
cell_2094	2
cell_2095	2
cell_2096	2
cell_2097	2
cell_2098	2
cell_2099	2
cell_2100	2
cell_2101	2
cell_2102	2
cell_2103	2
cell_2104	2
cell_2105	2
cell_2106	2
cell_2107	2
cell_2108	2
cell_2109	2
cell_2110	2
cell_2111	2
cell_2112	2
cell_2113	2
cell_2114	2
cell_2115	2
cell_2116	2
cell_2117	2
cell_2118	2
cell_2119	2
cell_2120	2
cell_2121	2
cell_2122	2
cell_2123	2
cell_2124	2
cell_2125	2
cell_2126	2
cell_2127	2
cell_2128	2
cell_2129	2
cell_2130	2
cell_2131	2
cell_2132	2
cell_2133	2
cell_2134	2
cell_2135	2
cell_2136	2
cell_2137	2
cell_2138	2
cell_2139	2
cell_2140	2
cell_2141	2
cell_2142	2
cell_2143	2
cell_2144	2
cell_2145	2
cell_2146	2
cell_2147	2
cell_2148	2
cell_2149	2
cell_2150	2
cell_2151	2
cell_2152	2
cell_2153	2
cell_2154	2
cell_2155	2
cell_2156	2
cell_2157	2
cell_2158	2
cell_2159	2
cell_2160	2
cell_2161	2
cell_2162	2
cell_2163	2
cell_2164	2
cell_2165	2
cell_2166	2
cell_2167	2
cell_2168	2
cell_2169	2
cell_2170	2
cell_2171	2
cell_2172	2
cell_2173	2
cell_2174	2
cell_2175	2
cell_2176	2
cell_2177	2
cell_2178	2
cell_2179	2
cell_2180	2
cell_2181	2
cell_2182	2
cell_2183	2
cell_2184	2
cell_2185	2
cell_2186	2
cell_2187	2
cell_2188	2
cell_2189	2
cell_2190	2
cell_2191	2
cell_2192	2
cell_2193	2
cell_2194	2
cell_2195	2
cell_2196	2
cell_2197	2
cell_2198	2
cell_2199	2
cell_2200	2
cell_2201	2
cell_2202	2
cell_2203	2
cell_2204	2
cell_2205	2
cell_2206	2
cell_2207	2
cell_2208	2
cell_2209	2
cell_2210	2
cell_2211	2
cell_2212	2
cell_2213	2
cell_2214	2
cell_2215	2
cell_2216	2
cell_2217	2
cell_2218	2
cell_2219	2
cell_2220	2
cell_2221	2
cell_2222	2
cell_2223	2
cell_2224	2
cell_2225	2
cell_2226	2
cell_2227	2
cell_2228	2
cell_2229	2
cell_2230	2
cell_2231	2
cell_2232	2
cell_2233	2
cell_2234	2
cell_2235	2
cell_2236	2
cell_2237	2
cell_2238	2
cell_2239	2
cell_2240	2
cell_2241	2
cell_2242	2
cell_2243	2
cell_2244	2
cell_2245	2
cell_2246	2
cell_2247	2
cell_2248	2
cell_2249	2
cell_2250	2
cell_2251	2
cell_2252	2
cell_2253	2
cell_2254	2
cell_2255	2
cell_2256	2
cell_2257	2
cell_2258	2
cell_2259	2
cell_2260	2
cell_2261	2
cell_2262	2
cell_2263	2
cell_2264	2
cell_2265	2
cell_2266	2
cell_2267	2
cell_2268	2
cell_2269	2
cell_2270	2
cell_2271	2
cell_2272	2
cell_2273	2
cell_2274	2
cell_2275	2
cell_2276	2
cell_2277	2
cell_2278	2
cell_2279	2
cell_2280	2
cell_2281	2
cell_2282	2
cell_2283	2
cell_2284	2
cell_2285	2
cell_2286	2
cell_2287	2
cell_2288	2
cell_2289	2
cell_2290	2
cell_2291	2
cell_2292	2
cell_2293	2
cell_2294	2
cell_2295	2
cell_2296	2
cell_2297	2
cell_2298	2
cell_2299	2
cell_2300	2
cell_2301	2
cell_2302	2
cell_2303	2
cell_2304	2
cell_2305	2
cell_2306	2
cell_2307	2
cell_2308	2
cell_2309	2
cell_2310	2
cell_2311	2
cell_2312	2
cell_2313	2
cell_2314	2
cell_2315	2
cell_2316	2
cell_2317	2
cell_2318	2
cell_2319	2
cell_2320	2
cell_2321	2
cell_2322	2
cell_2323	2
cell_2324	2
cell_2325	2
cell_2326	2
cell_2327	2
cell_2328	2
cell_2329	2
cell_2330	2
cell_2331	2
cell_2332	2
cell_2333	2
cell_2334	2
cell_2335	2
cell_2336	2
cell_2337	2
cell_2338	2
cell_2339	2
cell_2340	2
cell_2341	2
cell_2342	2
cell_2343	2
cell_2344	2
cell_2345	2
cell_2346	2
cell_2347	2
cell_2348	2
cell_2349	2
cell_2350	2
cell_2351	2
cell_2352	2
cell_2353	2
cell_2354	2
cell_2355	2
cell_2356	2
cell_2357	2
cell_2358	2
cell_2359	2
cell_2360	2
cell_2361	2
cell_2362	2
cell_2363	2
cell_2364	2
cell_2365	2
cell_2366	2
cell_2367	2
cell_2368	2
cell_2369	2
cell_2370	2
cell_2371	2
cell_2372	2
cell_2373	2
cell_2374	2
cell_2375	2
cell_2376	2
cell_2377	2
cell_2378	2
cell_2379	2
cell_2380	2
cell_2381	2
cell_2382	2
cell_2383	2
cell_2384	2
cell_2385	2
cell_2386	2
cell_2387	2
cell_2388	2
cell_2389	2
cell_2390	2
cell_2391	2
cell_2392	2
cell_2393	2
cell_2394	2
cell_2395	2
cell_2396	2
cell_2397	2
cell_2398	2
cell_2399	2
cell_2400	2
cell_2401	2
cell_2402	2
cell_2403	2
cell_2404	2
cell_2405	2
cell_2406	2
cell_2407	2
cell_2408	2
cell_2409	2
cell_2410	2
cell_2411	2
cell_2412	2
cell_2413	2
cell_2414	2
cell_2415	2
cell_2416	2
cell_2417	2
cell_2418	2
cell_2419	2
cell_2420	2
cell_2421	2
cell_2422	2
cell_2423	2
cell_2424	2
cell_2425	2
cell_2426	2
cell_2427	2
cell_2428	2
cell_2429	2
cell_2430	2
cell_2431	2
cell_2432	2
cell_2433	2
cell_2434	2
cell_2435	2
cell_2436	2
cell_2437	2
cell_2438	2
cell_2439	2
cell_2440	2
cell_2441	2
cell_2442	2
cell_2443	2
cell_2444	2
cell_2445	2
cell_2446	2
cell_2447	2
cell_2448	2
cell_2449	2
cell_2450	2
cell_2451	2
cell_2452	2
cell_2453	2
cell_2454	2
cell_2455	2
cell_2456	2
cell_2457	2
cell_2458	2
cell_2459	2
cell_2460	2
cell_2461	2
cell_2462	2
cell_2463	2
cell_2464	2
cell_2465	2
cell_2466	2
cell_2467	2
cell_2468	2
cell_2469	2
cell_2470	2
cell_2471	2
cell_2472	2
cell_2473	2
cell_2474	2
cell_2475	2
cell_2476	2
cell_2477	2
cell_2478	2
cell_2479	2
cell_2480	2
cell_2481	2
cell_2482	2
cell_2483	2
cell_2484	2
cell_2485	2
cell_2486	2
cell_2487	2
cell_2488	2
cell_2489	2
cell_2490	2
cell_2491	2
cell_2492	2
cell_2493	2
cell_2494	2
cell_2495	2
cell_2496	2
cell_2497	2
cell_2498	2
cell_2499	2
cell_2500	2
cell_2501	2
cell_2502	2
cell_2503	2
cell_2504	2
cell_2505	2
cell_2506	2
cell_2507	2
cell_2508	2
cell_2509	2
cell_2510	2
cell_2511	2
cell_2512	2
cell_2513	2
cell_2514	2
cell_2515	2
cell_2516	2
cell_2517	2
cell_2518	2
cell_2519	2
cell_2520	2
cell_2521	2
cell_2522	2
cell_2523	2
cell_2524	2
cell_2525	2
cell_2526	2
cell_2527	2
cell_2528	2
cell_2529	2
cell_2530	2
cell_2531	2
cell_2532	2
cell_2533	2
cell_2534	2
cell_2535	2
cell_2536	2
cell_2537	2
cell_2538	2
cell_2539	2
cell_2540	2
cell_2541	2
cell_2542	2
cell_2543	2
cell_2544	2
cell_2545	2
cell_2546	2
cell_2547	2
cell_2548	2
cell_2549	2
cell_2550	2
cell_2551	2
cell_2552	2
cell_2553	2
cell_2554	2
cell_2555	2
cell_2556	2
cell_2557	2
cell_2558	2
cell_2559	2
cell_2560	2
cell_2561	2
cell_2562	2
cell_2563	2
cell_2564	2
cell_2565	2
cell_2566	2
cell_2567	2
cell_2568	2
cell_2569	2
cell_2570	2
cell_2571	2
cell_2572	2
cell_2573	2
cell_2574	2
cell_2575	2
cell_2576	2
cell_2577	2
cell_2578	2
cell_2579	2
cell_2580	2
cell_2581	2
cell_2582	2
cell_2583	2
cell_2584	2
cell_2585	2
cell_2586	2
cell_2587	2
cell_2588	2
cell_2589	2
cell_2590	2
cell_2591	2
cell_2592	2
cell_2593	2
cell_2594	2
cell_2595	2
cell_2596	2
cell_2597	2
cell_2598	2
cell_2599	2
cell_2600	2
cell_2601	2
cell_2602	2
cell_2603	2
cell_2604	2
cell_2605	2
cell_2606	2
cell_2607	2
cell_2608	2
cell_2609	2
cell_2610	2
cell_2611	2
cell_2612	2
cell_2613	2
cell_2614	2
cell_2615	2
cell_2616	2
cell_2617	2
cell_2618	2
cell_2619	2
cell_2620	2
cell_2621	2
cell_2622	2
cell_2623	2
cell_2624	2
cell_2625	2
cell_2626	2
cell_2627	2
cell_2628	2
cell_2629	2
cell_2630	2
cell_2631	2
cell_2632	2
cell_2633	2
cell_2634	2
cell_2635	2
cell_2636	2
cell_2637	2
cell_2638	2
cell_2639	2
cell_2640	2
cell_2641	2
cell_2642	2
cell_2643	2
cell_2644	2
cell_2645	2
cell_2646	2
cell_2647	2
cell_2648	2
cell_2649	2
cell_2650	2
cell_2651	2
cell_2652	2
cell_2653	2
cell_2654	2
cell_2655	2
cell_2656	2
cell_2657	2
cell_2658	2
cell_2659	2
cell_2660	2
cell_2661	2
cell_2662	2
cell_2663	2
cell_2664	2
cell_2665	2
cell_2666	2
cell_2667	2
cell_2668	2
cell_2669	2
cell_2670	2
cell_2671	2
cell_2672	2
cell_2673	2
cell_2674	2
cell_2675	2
cell_2676	2
cell_2677	2
cell_2678	2
cell_2679	2
cell_2680	2
cell_2681	2
cell_2682	2
cell_2683	2
cell_2684	2
cell_2685	2
cell_2686	2
cell_2687	2
cell_2688	2
cell_2689	2
cell_2690	2
cell_2691	2
cell_2692	2
cell_2693	2
cell_2694	2
cell_2695	2
cell_2696	2
cell_2697	2
cell_2698	2
cell_2699	2
cell_2700	2
cell_2701	2
cell_2702	2
cell_2703	2
cell_2704	2
cell_2705	2
cell_2706	2
cell_2707	2
cell_2708	2
cell_2709	2
cell_2710	2
cell_2711	2
cell_2712	2
cell_2713	2
cell_2714	2
cell_2715	2
cell_2716	2
cell_2717	2
cell_2718	2
cell_2719	2
cell_2720	2
cell_2721	2
cell_2722	2
cell_2723	2
cell_2724	2
cell_2725	2
cell_2726	2
cell_2727	2
cell_2728	2
cell_2729	2
cell_2730	2
cell_2731	2
cell_2732	2
cell_2733	2
cell_2734	2
cell_2735	2
cell_2736	2
cell_2737	2
cell_2738	2
cell_2739	2
cell_2740	2
cell_2741	2
cell_2742	2
cell_2743	2
cell_2744	2
cell_2745	2
cell_2746	2
cell_2747	2
cell_2748	2
cell_2749	2
cell_2750	2
cell_2751	2
cell_2752	2
cell_2753	2
cell_2754	2
cell_2755	2
cell_2756	2
cell_2757	2
cell_2758	2
cell_2759	2
cell_2760	2
cell_2761	2
cell_2762	2
cell_2763	2
cell_2764	2
cell_2765	2
cell_2766	2
cell_2767	2
cell_2768	2
cell_2769	2
cell_2770	2
cell_2771	2
cell_2772	2
cell_2773	2
cell_2774	2
cell_2775	2
cell_2776	2
cell_2777	2
cell_2778	2
cell_2779	2
cell_2780	2
cell_2781	2
cell_2782	2
cell_2783	2
cell_2784	2
cell_2785	2
cell_2786	2
cell_2787	2
cell_2788	2
cell_2789	2
cell_2790	2
cell_2791	2
cell_2792	2
cell_2793	2
cell_2794	2
cell_2795	2
cell_2796	2
cell_2797	2
cell_2798	2
cell_2799	2
cell_2800	2
cell_2801	2
cell_2802	2
cell_2803	2
cell_2804	2
cell_2805	2
cell_2806	2
cell_2807	2
cell_2808	2
cell_2809	2
cell_2810	2
cell_2811	2
cell_2812	2
cell_2813	2
cell_2814	2
cell_2815	2
cell_2816	2
cell_2817	2
cell_2818	2
cell_2819	2
cell_2820	2
cell_2821	2
cell_2822	2
cell_2823	2
cell_2824	2
cell_2825	2
cell_2826	2
cell_2827	2
cell_2828	2
cell_2829	2
cell_2830	2
cell_2831	2
cell_2832	2
cell_2833	2
cell_2834	2
cell_2835	2
cell_2836	2
cell_2837	2
cell_2838	2
cell_2839	2
cell_2840	2
cell_2841	2
cell_2842	2
cell_2843	2
cell_2844	2
cell_2845	2
cell_2846	2
cell_2847	2
cell_2848	2
cell_2849	2
cell_2850	2
cell_2851	2
cell_2852	2
cell_2853	2
cell_2854	2
cell_2855	2
cell_2856	2
cell_2857	2
cell_2858	2
cell_2859	2
cell_2860	2
cell_2861	2
cell_2862	2
cell_2863	2
cell_2864	2
cell_2865	2
cell_2866	2
cell_2867	2
cell_2868	2
cell_2869	2
cell_2870	2
cell_2871	2
cell_2872	2
cell_2873	2
cell_2874	2
cell_2875	2
cell_2876	2
cell_2877	2
cell_2878	2
cell_2879	2
cell_2880	2
cell_2881	2
cell_2882	2
cell_2883	2
cell_2884	2
cell_2885	2
cell_2886	2
cell_2887	2
cell_2888	2
cell_2889	2
cell_2890	2
cell_2891	2
cell_2892	2
cell_2893	2
cell_2894	2
cell_2895	2
cell_2896	2
cell_2897	2
cell_2898	2
cell_2899	2
cell_2900	2
cell_2901	2
cell_2902	2
cell_2903	2
cell_2904	2
cell_2905	2
cell_2906	2
cell_2907	2
cell_2908	2
cell_2909	2
cell_2910	2
cell_2911	2
cell_2912	2
cell_2913	2
cell_2914	2
cell_2915	2
cell_2916	2
cell_2917	2
cell_2918	2
cell_2919	2
cell_2920	2
cell_2921	2
cell_2922	2
cell_2923	2
cell_2924	2
cell_2925	2
cell_2926	2
cell_2927	2
cell_2928	2
cell_2929	2
cell_2930	2
cell_2931	2
cell_2932	2
cell_2933	2
cell_2934	2
cell_2935	2
cell_2936	2
cell_2937	2
cell_2938	2
cell_2939	2
cell_2940	2
cell_2941	2
cell_2942	2
cell_2943	2
cell_2944	2
cell_2945	2
cell_2946	2
cell_2947	2
cell_2948	2
cell_2949	2
cell_2950	2
cell_2951	2
cell_2952	2
cell_2953	2
cell_2954	2
cell_2955	2
cell_2956	2
cell_2957	2
cell_2958	2
cell_2959	2
cell_2960	2
cell_2961	2
cell_2962	2
cell_2963	2
cell_2964	2
cell_2965	2
cell_2966	2
cell_2967	2
cell_2968	2
cell_2969	2
cell_2970	2
cell_2971	2
cell_2972	2
cell_2973	2
cell_2974	2
cell_2975	2
cell_2976	2
cell_2977	2
cell_2978	2
cell_2979	2
cell_2980	2
cell_2981	2
cell_2982	2
cell_2983	2
cell_2984	2
cell_2985	2
cell_2986	2
cell_2987	2
cell_2988	2
cell_2989	2
cell_2990	2
cell_2991	2
cell_2992	2
cell_2993	2
cell_2994	2
cell_2995	2
cell_2996	2
cell_2997	2
cell_2998	2
cell_2999	2
cell_3000	3
cell_3001	3
cell_3002	3
cell_3003	3
cell_3004	3
cell_3005	3
cell_3006	3
cell_3007	3
cell_3008	3
cell_3009	3
cell_3010	3
cell_3011	3
cell_3012	3
cell_3013	3
cell_3014	3
cell_3015	3
cell_3016	3
cell_3017	3
cell_3018	3
cell_3019	3
cell_3020	3
cell_3021	3
cell_3022	3
cell_3023	3
cell_3024	3
cell_3025	3
cell_3026	3
cell_3027	3
cell_3028	3
cell_3029	3
cell_3030	3
cell_3031	3
cell_3032	3
cell_3033	3
cell_3034	3
cell_3035	3
cell_3036	3
cell_3037	3
cell_3038	3
cell_3039	3
cell_3040	3
cell_3041	3
cell_3042	3
cell_3043	3
cell_3044	3
cell_3045	3
cell_3046	3
cell_3047	3
cell_3048	3
cell_3049	3
cell_3050	3
cell_3051	3
cell_3052	3
cell_3053	3
cell_3054	3
cell_3055	3
cell_3056	3
cell_3057	3
cell_3058	3
cell_3059	3
cell_3060	3
cell_3061	3
cell_3062	3
cell_3063	3
cell_3064	3
cell_3065	3
cell_3066	3
cell_3067	3
cell_3068	3
cell_3069	3
cell_3070	3
cell_3071	3
cell_3072	3
cell_3073	3
cell_3074	3
cell_3075	3
cell_3076	3
cell_3077	3
cell_3078	3
cell_3079	3
cell_3080	3
cell_3081	3
cell_3082	3
cell_3083	3
cell_3084	3
cell_3085	3
cell_3086	3
cell_3087	3
cell_3088	3
cell_3089	3
cell_3090	3
cell_3091	3
cell_3092	3
cell_3093	3
cell_3094	3
cell_3095	3
cell_3096	3
cell_3097	3
cell_3098	3
cell_3099	3
cell_3100	3
cell_3101	3
cell_3102	3
cell_3103	3
cell_3104	3
cell_3105	3
cell_3106	3
cell_3107	3
cell_3108	3
cell_3109	3
cell_3110	3
cell_3111	3
cell_3112	3
cell_3113	3
cell_3114	3
cell_3115	3
cell_3116	3
cell_3117	3
cell_3118	3
cell_3119	3
cell_3120	3
cell_3121	3
cell_3122	3
cell_3123	3
cell_3124	3
cell_3125	3
cell_3126	3
cell_3127	3
cell_3128	3
cell_3129	3
cell_3130	3
cell_3131	3
cell_3132	3
cell_3133	3
cell_3134	3
cell_3135	3
cell_3136	3
cell_3137	3
cell_3138	3
cell_3139	3
cell_3140	3
cell_3141	3
cell_3142	3
cell_3143	3
cell_3144	3
cell_3145	3
cell_3146	3
cell_3147	3
cell_3148	3
cell_3149	3
cell_3150	3
cell_3151	3
cell_3152	3
cell_3153	3
cell_3154	3
cell_3155	3
cell_3156	3
cell_3157	3
cell_3158	3
cell_3159	3
cell_3160	3
cell_3161	3
cell_3162	3
cell_3163	3
cell_3164	3
cell_3165	3
cell_3166	3
cell_3167	3
cell_3168	3
cell_3169	3
cell_3170	3
cell_3171	3
cell_3172	3
cell_3173	3
cell_3174	3
cell_3175	3
cell_3176	3
cell_3177	3
cell_3178	3
cell_3179	3
cell_3180	3
cell_3181	3
cell_3182	3
cell_3183	3
cell_3184	3
cell_3185	3
cell_3186	3
cell_3187	3
cell_3188	3
cell_3189	3
cell_3190	3
cell_3191	3
cell_3192	3
cell_3193	3
cell_3194	3
cell_3195	3
cell_3196	3
cell_3197	3
cell_3198	3
cell_3199	3
cell_3200	3
cell_3201	3
cell_3202	3
cell_3203	3
cell_3204	3
cell_3205	3
cell_3206	3
cell_3207	3
cell_3208	3
cell_3209	3
cell_3210	3
cell_3211	3
cell_3212	3
cell_3213	3
cell_3214	3
cell_3215	3
cell_3216	3
cell_3217	3
cell_3218	3
cell_3219	3
cell_3220	3
cell_3221	3
cell_3222	3
cell_3223	3
cell_3224	3
cell_3225	3
cell_3226	3
cell_3227	3
cell_3228	3
cell_3229	3
cell_3230	3
cell_3231	3
cell_3232	3
cell_3233	3
cell_3234	3
cell_3235	3
cell_3236	3
cell_3237	3
cell_3238	3
cell_3239	3
cell_3240	3
cell_3241	3
cell_3242	3
cell_3243	3
cell_3244	3
cell_3245	3
cell_3246	3
cell_3247	3
cell_3248	3
cell_3249	3
cell_3250	3
cell_3251	3
cell_3252	3
cell_3253	3
cell_3254	3
cell_3255	3
cell_3256	3
cell_3257	3
cell_3258	3
cell_3259	3
cell_3260	3
cell_3261	3
cell_3262	3
cell_3263	3
cell_3264	3
cell_3265	3
cell_3266	3
cell_3267	3
cell_3268	3
cell_3269	3
cell_3270	3
cell_3271	3
cell_3272	3
cell_3273	3
cell_3274	3
cell_3275	3
cell_3276	3
cell_3277	3
cell_3278	3
cell_3279	3
cell_3280	3
cell_3281	3
cell_3282	3
cell_3283	3
cell_3284	3
cell_3285	3
cell_3286	3
cell_3287	3
cell_3288	3
cell_3289	3
cell_3290	3
cell_3291	3
cell_3292	3
cell_3293	3
cell_3294	3
cell_3295	3
cell_3296	3
cell_3297	3
cell_3298	3
cell_3299	3
cell_3300	3
cell_3301	3
cell_3302	3
cell_3303	3
cell_3304	3
cell_3305	3
cell_3306	3
cell_3307	3
cell_3308	3
cell_3309	3
cell_3310	3
cell_3311	3
cell_3312	3
cell_3313	3
cell_3314	3
cell_3315	3
cell_3316	3
cell_3317	3
cell_3318	3
cell_3319	3
cell_3320	3
cell_3321	3
cell_3322	3
cell_3323	3
cell_3324	3
cell_3325	3
cell_3326	3
cell_3327	3
cell_3328	3
cell_3329	3
cell_3330	3
cell_3331	3
cell_3332	3
cell_3333	3
cell_3334	3
cell_3335	3
cell_3336	3
cell_3337	3
cell_3338	3
cell_3339	3
cell_3340	3
cell_3341	3
cell_3342	3
cell_3343	3
cell_3344	3
cell_3345	3
cell_3346	3
cell_3347	3
cell_3348	3
cell_3349	3
cell_3350	3
cell_3351	3
cell_3352	3
cell_3353	3
cell_3354	3
cell_3355	3
cell_3356	3
cell_3357	3
cell_3358	3
cell_3359	3
cell_3360	3
cell_3361	3
cell_3362	3
cell_3363	3
cell_3364	3
cell_3365	3
cell_3366	3
cell_3367	3
cell_3368	3
cell_3369	3
cell_3370	3
cell_3371	3
cell_3372	3
cell_3373	3
cell_3374	3
cell_3375	3
cell_3376	3
cell_3377	3
cell_3378	3
cell_3379	3
cell_3380	3
cell_3381	3
cell_3382	3
cell_3383	3
cell_3384	3
cell_3385	3
cell_3386	3
cell_3387	3
cell_3388	3
cell_3389	3
cell_3390	3
cell_3391	3
cell_3392	3
cell_3393	3
cell_3394	3
cell_3395	3
cell_3396	3
cell_3397	3
cell_3398	3
cell_3399	3
cell_3400	3
cell_3401	3
cell_3402	3
cell_3403	3
cell_3404	3
cell_3405	3
cell_3406	3
cell_3407	3
cell_3408	3
cell_3409	3
cell_3410	3
cell_3411	3
cell_3412	3
cell_3413	3
cell_3414	3
cell_3415	3
cell_3416	3
cell_3417	3
cell_3418	3
cell_3419	3
cell_3420	3
cell_3421	3
cell_3422	3
cell_3423	3
cell_3424	3
cell_3425	3
cell_3426	3
cell_3427	3
cell_3428	3
cell_3429	3
cell_3430	3
cell_3431	3
cell_3432	3
cell_3433	3
cell_3434	3
cell_3435	3
cell_3436	3
cell_3437	3
cell_3438	3
cell_3439	3
cell_3440	3
cell_3441	3
cell_3442	3
cell_3443	3
cell_3444	3
cell_3445	3
cell_3446	3
cell_3447	3
cell_3448	3
cell_3449	3
cell_3450	3
cell_3451	3
cell_3452	3
cell_3453	3
cell_3454	3
cell_3455	3
cell_3456	3
cell_3457	3
cell_3458	3
cell_3459	3
cell_3460	3
cell_3461	3
cell_3462	3
cell_3463	3
cell_3464	3
cell_3465	3
cell_3466	3
cell_3467	3
cell_3468	3
cell_3469	3
cell_3470	3
cell_3471	3
cell_3472	3
cell_3473	3
cell_3474	3
cell_3475	3
cell_3476	3
cell_3477	3
cell_3478	3
cell_3479	3
cell_3480	3
cell_3481	3
cell_3482	3
cell_3483	3
cell_3484	3
cell_3485	3
cell_3486	3
cell_3487	3
cell_3488	3
cell_3489	3
cell_3490	3
cell_3491	3
cell_3492	3
cell_3493	3
cell_3494	3
cell_3495	3
cell_3496	3
cell_3497	3
cell_3498	3
cell_3499	3
cell_3500	3
cell_3501	3
cell_3502	3
cell_3503	3
cell_3504	3
cell_3505	3
cell_3506	3
cell_3507	3
cell_3508	3
cell_3509	3
cell_3510	3
cell_3511	3
cell_3512	3
cell_3513	3
cell_3514	3
cell_3515	3
cell_3516	3
cell_3517	3
cell_3518	3
cell_3519	3
cell_3520	3
cell_3521	3
cell_3522	3
cell_3523	3
cell_3524	3
cell_3525	3
cell_3526	3
cell_3527	3
cell_3528	3
cell_3529	3
cell_3530	3
cell_3531	3
cell_3532	3
cell_3533	3
cell_3534	3
cell_3535	3
cell_3536	3
cell_3537	3
cell_3538	3
cell_3539	3
cell_3540	3
cell_3541	3
cell_3542	3
cell_3543	3
cell_3544	3
cell_3545	3
cell_3546	3
cell_3547	3
cell_3548	3
cell_3549	3
cell_3550	3
cell_3551	3
cell_3552	3
cell_3553	3
cell_3554	3
cell_3555	3
cell_3556	3
cell_3557	3
cell_3558	3
cell_3559	3
cell_3560	3
cell_3561	3
cell_3562	3
cell_3563	3
cell_3564	3
cell_3565	3
cell_3566	3
cell_3567	3
cell_3568	3
cell_3569	3
cell_3570	3
cell_3571	3
cell_3572	3
cell_3573	3
cell_3574	3
cell_3575	3
cell_3576	3
cell_3577	3
cell_3578	3
cell_3579	3
cell_3580	3
cell_3581	3
cell_3582	3
cell_3583	3
cell_3584	3
cell_3585	3
cell_3586	3
cell_3587	3
cell_3588	3
cell_3589	3
cell_3590	3
cell_3591	3
cell_3592	3
cell_3593	3
cell_3594	3
cell_3595	3
cell_3596	3
cell_3597	3
cell_3598	3
cell_3599	3
cell_3600	3
cell_3601	3
cell_3602	3
cell_3603	3
cell_3604	3
cell_3605	3
cell_3606	3
cell_3607	3
cell_3608	3
cell_3609	3
cell_3610	3
cell_3611	3
cell_3612	3
cell_3613	3
cell_3614	3
cell_3615	3
cell_3616	3
cell_3617	3
cell_3618	3
cell_3619	3
cell_3620	3
cell_3621	3
cell_3622	3
cell_3623	3
cell_3624	3
cell_3625	3
cell_3626	3
cell_3627	3
cell_3628	3
cell_3629	3
cell_3630	3
cell_3631	3
cell_3632	3
cell_3633	3
cell_3634	3
cell_3635	3
cell_3636	3
cell_3637	3
cell_3638	3
cell_3639	3
cell_3640	3
cell_3641	3
cell_3642	3
cell_3643	3
cell_3644	3
cell_3645	3
cell_3646	3
cell_3647	3
cell_3648	3
cell_3649	3
cell_3650	3
cell_3651	3
cell_3652	3
cell_3653	3
cell_3654	3
cell_3655	3
cell_3656	3
cell_3657	3
cell_3658	3
cell_3659	3
cell_3660	3
cell_3661	3
cell_3662	3
cell_3663	3
cell_3664	3
cell_3665	3
cell_3666	3
cell_3667	3
cell_3668	3
cell_3669	3
cell_3670	3
cell_3671	3
cell_3672	3
cell_3673	3
cell_3674	3
cell_3675	3
cell_3676	3
cell_3677	3
cell_3678	3
cell_3679	3
cell_3680	3
cell_3681	3
cell_3682	3
cell_3683	3
cell_3684	3
cell_3685	3
cell_3686	3
cell_3687	3
cell_3688	3
cell_3689	3
cell_3690	3
cell_3691	3
cell_3692	3
cell_3693	3
cell_3694	3
cell_3695	3
cell_3696	3
cell_3697	3
cell_3698	3
cell_3699	3
cell_3700	3
cell_3701	3
cell_3702	3
cell_3703	3
cell_3704	3
cell_3705	3
cell_3706	3
cell_3707	3
cell_3708	3
cell_3709	3
cell_3710	3
cell_3711	3
cell_3712	3
cell_3713	3
cell_3714	3
cell_3715	3
cell_3716	3
cell_3717	3
cell_3718	3
cell_3719	3
cell_3720	3
cell_3721	3
cell_3722	3
cell_3723	3
cell_3724	3
cell_3725	3
cell_3726	3
cell_3727	3
cell_3728	3
cell_3729	3
cell_3730	3
cell_3731	3
cell_3732	3
cell_3733	3
cell_3734	3
cell_3735	3
cell_3736	3
cell_3737	3
cell_3738	3
cell_3739	3
cell_3740	3
cell_3741	3
cell_3742	3
cell_3743	3
cell_3744	3
cell_3745	3
cell_3746	3
cell_3747	3
cell_3748	3
cell_3749	3
cell_3750	3
cell_3751	3
cell_3752	3
cell_3753	3
cell_3754	3
cell_3755	3
cell_3756	3
cell_3757	3
cell_3758	3
cell_3759	3
cell_3760	3
cell_3761	3
cell_3762	3
cell_3763	3
cell_3764	3
cell_3765	3
cell_3766	3
cell_3767	3
cell_3768	3
cell_3769	3
cell_3770	3
cell_3771	3
cell_3772	3
cell_3773	3
cell_3774	3
cell_3775	3
cell_3776	3
cell_3777	3
cell_3778	3
cell_3779	3
cell_3780	3
cell_3781	3
cell_3782	3
cell_3783	3
cell_3784	3
cell_3785	3
cell_3786	3
cell_3787	3
cell_3788	3
cell_3789	3
cell_3790	3
cell_3791	3
cell_3792	3
cell_3793	3
cell_3794	3
cell_3795	3
cell_3796	3
cell_3797	3
cell_3798	3
cell_3799	3
cell_3800	3
cell_3801	3
cell_3802	3
cell_3803	3
cell_3804	3
cell_3805	3
cell_3806	3
cell_3807	3
cell_3808	3
cell_3809	3
cell_3810	3
cell_3811	3
cell_3812	3
cell_3813	3
cell_3814	3
cell_3815	3
cell_3816	3
cell_3817	3
cell_3818	3
cell_3819	3
cell_3820	3
cell_3821	3
cell_3822	3
cell_3823	3
cell_3824	3
cell_3825	3
cell_3826	3
cell_3827	3
cell_3828	3
cell_3829	3
cell_3830	3
cell_3831	3
cell_3832	3
cell_3833	3
cell_3834	3
cell_3835	3
cell_3836	3
cell_3837	3
cell_3838	3
cell_3839	3
cell_3840	3
cell_3841	3
cell_3842	3
cell_3843	3
cell_3844	3
cell_3845	3
cell_3846	3
cell_3847	3
cell_3848	3
cell_3849	3
cell_3850	3
cell_3851	3
cell_3852	3
cell_3853	3
cell_3854	3
cell_3855	3
cell_3856	3
cell_3857	3
cell_3858	3
cell_3859	3
cell_3860	3
cell_3861	3
cell_3862	3
cell_3863	3
cell_3864	3
cell_3865	3
cell_3866	3
cell_3867	3
cell_3868	3
cell_3869	3
cell_3870	3
cell_3871	3
cell_3872	3
cell_3873	3
cell_3874	3
cell_3875	3
cell_3876	3
cell_3877	3
cell_3878	3
cell_3879	3
cell_3880	3
cell_3881	3
cell_3882	3
cell_3883	3
cell_3884	3
cell_3885	3
cell_3886	3
cell_3887	3
cell_3888	3
cell_3889	3
cell_3890	3
cell_3891	3
cell_3892	3
cell_3893	3
cell_3894	3
cell_3895	3
cell_3896	3
cell_3897	3
cell_3898	3
cell_3899	3
cell_3900	3
cell_3901	3
cell_3902	3
cell_3903	3
cell_3904	3
cell_3905	3
cell_3906	3
cell_3907	3
cell_3908	3
cell_3909	3
cell_3910	3
cell_3911	3
cell_3912	3
cell_3913	3
cell_3914	3
cell_3915	3
cell_3916	3
cell_3917	3
cell_3918	3
cell_3919	3
cell_3920	3
cell_3921	3
cell_3922	3
cell_3923	3
cell_3924	3
cell_3925	3
cell_3926	3
cell_3927	3
cell_3928	3
cell_3929	3
cell_3930	3
cell_3931	3
cell_3932	3
cell_3933	3
cell_3934	3
cell_3935	3
cell_3936	3
cell_3937	3
cell_3938	3
cell_3939	3
cell_3940	3
cell_3941	3
cell_3942	3
cell_3943	3
cell_3944	3
cell_3945	3
cell_3946	3
cell_3947	3
cell_3948	3
cell_3949	3
cell_3950	3
cell_3951	3
cell_3952	3
cell_3953	3
cell_3954	3
cell_3955	3
cell_3956	3
cell_3957	3
cell_3958	3
cell_3959	3
cell_3960	3
cell_3961	3
cell_3962	3
cell_3963	3
cell_3964	3
cell_3965	3
cell_3966	3
cell_3967	3
cell_3968	3
cell_3969	3
cell_3970	3
cell_3971	3
cell_3972	3
cell_3973	3
cell_3974	3
cell_3975	3
cell_3976	3
cell_3977	3
cell_3978	3
cell_3979	3
cell_3980	3
cell_3981	3
cell_3982	3
cell_3983	3
cell_3984	3
cell_3985	3
cell_3986	3
cell_3987	3
cell_3988	3
cell_3989	3
cell_3990	3
cell_3991	3
cell_3992	3
cell_3993	3
cell_3994	3
cell_3995	3
cell_3996	3
cell_3997	3
cell_3998	3
cell_3999	3
